{
  "builders": [
    {
      "boot_command": [
        " <wait>",
        " <wait>",
        " <wait>",
        " <wait>",
        " <wait>",
        "<esc><wait>",
        "<f6><wait>",
        "<esc><wait>",
        "<bs><bs><bs><bs><wait>",
        " autoinstall<wait5>",
        " ds=nocloud-net<wait5>",
        ";s=http://<wait5>{{.HTTPIP}}<wait5>:{{.HTTPPort}}/<wait5>",
        " ---<wait5>",
        "<enter><wait5>"
      ],
      "boot_wait": "5s",
      "cpus": "{{ user `cpus` }}",
      "disk_size": "{{user `disk_size`}}",
      "guest_additions_path": "VBoxGuestAdditions_{{.Version}}.iso",
      "guest_additions_url": "{{ user `guest_additions_url` }}",
      "guest_os_type": "Ubuntu_64",
      "hard_drive_interface": "sata",
      "headless": "{{ user `headless` }}",
      "http_directory": "{{user `http_directory`}}",
      "iso_checksum": "{{user `iso_checksum`}}",
      "iso_url": "{{user `mirror`}}/{{user `mirror_directory`}}/{{user `iso_name`}}",
      "memory": "{{ user `memory` }}",
      "output_directory": "{{ user `build_directory` }}/packer-{{user `template`}}-virtualbox",
      "shutdown_command": "echo 'vagrant' | sudo -S shutdown -P now",
      "ssh_password": "vagrant",
      "ssh_port": 22,
      "ssh_timeout": "10000s",
      "ssh_username": "vagrant",
      "type": "virtualbox-iso",
      "virtualbox_version_file": ".vbox_version",
      "vm_name": "{{ user `template` }}"
    }
  ],
  "post-processors": [
    {
      "output": "{{ user `build_directory` }}/{{user `box_basename`}}.{{.Provider}}.box",
      "type": "vagrant"
    }
  ],
  "provisioners": [
    {
      "environment_vars": [
        "HOME_DIR=/home/vagrant",
        "http_proxy={{user `http_proxy`}}",
        "https_proxy={{user `https_proxy`}}",
        "no_proxy={{user `no_proxy`}}"
      ],
      "execute_command": "echo 'vagrant' | {{.Vars}} sudo -S -E sh -eux '{{.Path}}'",
      "expect_disconnect": true,
      "scripts": [
        "{{template_dir}}/scripts/update.sh",
        "{{template_dir}}/../_common/motd.sh",
        "{{template_dir}}/../_common/sshd.sh",
        "{{template_dir}}/scripts/networking.sh",
        "{{template_dir}}/scripts/sudoers.sh",
        "{{template_dir}}/scripts/vagrant.sh",
        "{{template_dir}}/../_common/virtualbox.sh",
        "{{template_dir}}/scripts/vmware.sh",
        "{{template_dir}}/scripts/hyperv.sh",
        "{{template_dir}}/scripts/cleanup.sh",
        "{{template_dir}}/../_common/minimize.sh"
      ],
      "type": "shell"
    }
  ],
  "variables": {
    "box_basename": "ubuntu-20.04",
    "build_directory": "../../builds",
    "build_timestamp": "{{isotime \"20060102150405\"}}",
    "cpus": "2",
    "disk_size": "65536",
    "git_revision": "__unknown_git_revision__",
    "guest_additions_url": "",
    "headless": "",
    "http_directory": "{{template_dir}}/http",
    "http_proxy": "{{env `http_proxy`}}",
    "https_proxy": "{{env `https_proxy`}}",
    "hyperv_generation": "2",
    "hyperv_switch": "bento",
    "iso_checksum": "28ccdb56450e643bad03bb7bcf7507ce3d8d90e8bf09e38f6bd9ac298a98eaad",
    "iso_name": "ubuntu-20.04.4-live-server-amd64.iso",
    "memory": "1024",
    "mirror": "http://releases.ubuntu.com",
    "mirror_directory": "focal",
    "name": "ubuntu-20.04",
    "no_proxy": "{{env `no_proxy`}}",
    "preseed_path": "preseed.cfg",
    "qemu_display": "none",
    "template": "ubuntu-20.04-amd64",
    "version": "TIMESTAMP"
  }
}